CPF_PARTICIPANTE,ID_ATIVIDADE,CPF_CONVIDANTE_INTERNO,DATA_INSCRICAO
42264054633,10,16083543855,2023-01-10
42264054633,5,81045964466,2023-03-07
27858635266,9,79893906988,2023-09-26
55067308022,14,,2023-04-16
55067308022,10,,2023-07-13
72017119200,9,83252002277,2023-10-15
72017119200,5,70316330100,2023-11-12
72017119200,13,16216297400,2023-10-05
60679870233,12,,2023-08-09
62641928300,5,80241023311,2023-04-06
62641928300,7,54002762700,2023-09-24
17396523711,11,,2023-11-25
17396523711,6,,2023-05-19
17396523711,4,87836590722,2023-08-05
50834623700,11,55404172911,2023-07-17
67003337411,10,,2023-11-14
25693405888,8,35315351455,2023-10-12
98085552177,4,,2023-12-31
98085552177,9,,2023-12-10
98085552177,13,,2023-12-08
55855505866,3,,2023-02-07
71889114100,1,,2023-12-17
80976830088,1,63633870277,2023-09-10
90478013000,8,,2023-01-22
90478013000,3,89183390200,2023-11-30
91029356000,4,65126849233,2023-06-25
19958630411,1,12927697933,2023-04-23
19958630411,2,40615542044,2023-07-07
19958630411,3,,2023-06-10
95828494877,8,,2023-08-25
95828494877,1,,2023-10-27
95828494877,16,47343659388,2023-05-06
65789302722,12,,2023-01-06
74281354866,7,,2023-06-22
74281354866,1,24872590944,2023-05-01
74281354866,5,66223621655,2023-11-22
29976359000,1,,2023-04-13
29976359000,11,68765972533,2023-10-19
29976359000,9,,2023-05-04
71280438299,3,15488228177,2023-09-30
61771615377,12,89732367177,2023-08-12
61771615377,16,65853141744,2023-12-26
53703804655,8,96190550044,2023-08-16
53703804655,9,,2023-12-06
30880958544,2,78233650655,2023-12-30
91350393377,8,,2023-09-20
91350393377,16,21259961544,2023-05-12
91350393377,12,18882550133,2023-08-13
31106704377,2,,2023-12-22
31106704377,14,45123908200,2023-12-10
92779140099,10,,2023-03-18
92779140099,16,,2023-08-20
96780914455,11,18147312455,2023-06-02
96780914455,1,,2023-01-25
96780914455,8,25845999700,2023-02-01
25295653688,7,98227423044,2023-08-07
25295653688,8,47269644455,2023-10-08
85761037533,13,88447806233,2023-11-12
61336131577,13,,2023-11-09
61336131577,14,35315351455,2023-06-14
61336131577,7,,2023-12-31
81730698755,6,,2023-03-09
81730698755,2,27663573866,2023-03-21
50640748911,12,42573088266,2023-03-24
50640748911,6,42727982511,2023-08-17
92685283122,3,,2023-04-18
70243966522,7,47893229399,2023-02-24
70243966522,5,15140338011,2023-01-23
92736572577,2,39305967922,2023-06-24
92736572577,13,98850074155,2023-12-24
92736572577,5,,2023-12-03
37696149177,9,29088637311,2023-10-21
37696149177,11,20742106399,2023-12-26
37696149177,15,,2023-11-18
90257603500,15,39819790100,2023-04-30
90257603500,7,,2023-12-02
90257603500,9,85146910744,2023-04-07
32584953788,6,12037362588,2023-12-23
32584953788,15,,2023-08-07
32733742922,10,,2023-12-12
32733742922,16,,2023-01-21
12331734644,16,70939490700,2023-04-11
12331734644,1,74195838111,2023-09-28
12331734644,9,72352491966,2023-12-31
45387515888,1,80914756911,2023-01-12
45387515888,12,73473985766,2023-06-25
45387515888,4,13639075811,2023-08-04
93366545944,10,10853225644,2023-11-03
93366545944,9,,2023-06-07
28317464344,11,90680765588,2023-01-16
28317464344,6,84507576900,2023-08-30
81326451899,13,,2023-02-09
81326451899,5,,2023-09-29
81326451899,11,,2023-09-01
99701477300,5,41343235255,2023-05-23
24004214399,4,,2023-10-23
90828224400,13,,2023-12-20
90828224400,16,70250704400,2023-12-09
90828224400,1,,2023-05-09
70889470566,14,64337276466,2023-01-07
70889470566,1,92509101344,2023-01-25
16128774600,3,,2023-01-16
16128774600,15,,2023-07-16
30445028700,3,,2023-08-06
30445028700,5,63621632222,2023-07-18
16448244422,5,,2023-12-11
10257946644,14,,2023-05-25
10257946644,4,,2023-11-01
10257946644,13,27687078999,2023-06-15
22282897955,8,,2023-06-09
22282897955,10,,2023-07-04
63514843833,12,69815612800,2023-10-09
63514843833,14,92881732855,2023-04-06
62327695622,6,79267724966,2023-01-24
62327695622,11,,2023-05-16
11289676855,15,45178005711,2023-07-24
11289676855,9,,2023-09-22
11289676855,13,,2023-07-11
67921691299,5,,2023-08-15
67921691299,16,99750034788,2023-07-26
72623329455,2,98802408988,2023-01-03
72623329455,11,,2023-09-15
72623329455,14,,2023-09-25
30850651722,14,,2023-07-26
30850651722,15,47779065588,2023-10-26
30850651722,10,,2023-02-23
95410254711,14,43788704600,2023-06-29
95410254711,16,,2023-05-17
33129160899,13,,2023-03-07
33129160899,12,53275720800,2023-03-30
33129160899,9,34239922800,2023-07-31
38553694611,12,90337353000,2023-09-02
38553694611,5,35275676233,2023-02-08
56264115855,6,,2023-11-13
56264115855,9,31922449688,2023-03-21
56264115855,2,93352223211,2023-08-09
63387909644,15,,2023-11-14
63387909644,16,86734254922,2023-05-06
63387909644,4,,2023-12-24
96452582433,14,,2023-10-06
96452582433,13,,2023-09-07
96452582433,7,57858555344,2023-09-01
73776262677,15,,2023-03-05
73776262677,16,53081335900,2023-02-23
73122197722,13,,2023-05-25
73122197722,9,24535050255,2023-05-16
73122197722,12,,2023-10-23
35060777322,9,,2023-07-04
35060777322,14,,2023-04-24
35060777322,8,,2023-12-12
67322496144,3,30992348933,2023-09-14
67322496144,4,,2023-05-15
38160587799,4,53571662266,2023-07-13
26729586455,9,85842056244,2023-10-26
26729586455,4,67650136877,2023-09-19
49205930588,7,50066133788,2023-10-12
49205930588,9,64704134711,2023-06-18
45831675555,13,,2023-08-04
45831675555,6,,2023-05-14
45831675555,7,23238176399,2023-11-27
62982018744,12,43564828755,2023-08-04
65096301177,15,,2023-02-28
65096301177,2,,2023-10-31
65096301177,10,,2023-08-05
55564374244,15,,2023-08-31
55564374244,14,,2023-04-16
43686506033,14,,2023-02-08
43686506033,12,,2023-09-30
23847154455,16,97526131288,2023-05-08
21914601000,15,,2023-05-15
21914601000,1,,2023-06-22
95184162066,6,,2023-03-27
95184162066,5,,2023-11-16
95184162066,11,,2023-07-16
40625889600,12,,2023-04-10
16242350500,16,65747845900,2023-06-27
79228173711,16,,2023-04-13
40856622288,13,,2023-05-21
40856622288,4,,2023-02-04
60324025411,16,,2023-06-07
55276206155,11,99791387344,2023-12-14
66345524522,3,,2023-05-09
97754601588,15,,2023-12-01
97754601588,6,,2023-08-12
97754601588,12,66303226066,2023-11-24
27287183422,1,33515483111,2023-10-09
27287183422,15,90531031711,2023-08-03
31116725733,9,27613156855,2023-10-09
24022125199,5,,2023-07-16
24022125199,7,,2023-06-30
49354199200,11,,2023-03-15
20420120333,6,,2023-07-14
20420120333,8,19627590088,2023-09-20
78663618277,9,,2023-08-06
58135894222,13,74919077099,2023-12-02
58135894222,4,62667048200,2023-10-12
26640274411,3,39137113688,2023-03-17
26640274411,8,96078999622,2023-10-14
13931003688,15,15916018944,2023-08-30
27191090700,11,,2023-07-24
36158932800,12,,2023-08-08
36158932800,5,,2023-12-05
36158932800,10,,2023-09-13
10534533100,13,,2023-11-25
10534533100,4,,2023-08-12
10534533100,11,89684342800,2023-11-25
13066832700,8,,2023-01-21
13066832700,6,,2023-05-23
13066832700,15,,2023-12-27
51254582522,13,88243285200,2023-05-24
73643428500,13,,2023-06-22
45168324022,1,,2023-04-11
65997511999,10,,2023-10-29
65997511999,2,60844568200,2023-09-12
63377786266,4,,2023-07-11
63377786266,15,,2023-09-09
93152261866,10,69068228533,2023-03-06
93152261866,4,,2023-05-13
26875440277,14,,2023-10-10
26875440277,3,,2023-08-04
26875440277,12,78091391422,2023-03-03
97661307600,8,97661147066,2023-08-05
50415769399,15,,2023-07-05
50415769399,14,,2023-08-14
50415769399,4,41479030100,2023-05-16
72134394133,10,18914649499,2023-06-14
30058297077,1,72234811377,2023-09-28
30058297077,10,,2023-04-01
25779944199,4,32285320977,2023-02-24
62748129388,3,,2023-09-09
62748129388,8,44668846688,2023-08-09
62748129388,7,,2023-06-07
97738941699,9,,2023-05-29
97738941699,3,,2023-03-19
28341807099,2,10782927799,2023-02-12
28341807099,8,59845299200,2023-08-08
28341807099,4,13821523700,2023-03-23
67003729922,13,72101305433,2023-08-02
69511486600,10,40017263511,2023-09-12
35438628988,3,,2023-04-01
35438628988,5,76564913500,2023-02-05
36206107388,11,49835283188,2023-08-12
36206107388,10,,2023-12-09
36206107388,1,,2023-06-10
74909697944,10,50587728922,2023-04-17
74909697944,1,,2023-05-04
61791389666,5,,2023-01-20
87504287211,7,,2023-08-07
87504287211,2,,2023-09-17
87504287211,4,57273142911,2023-01-17
44968548999,15,81810581600,2023-10-09
61454989600,16,47987418844,2023-10-29
99798598144,14,46642640899,2023-06-27
35952328100,8,,2023-02-06
62986871222,13,96903226644,2023-08-09
62986871222,7,22326543111,2023-12-05
46835518377,7,,2023-01-22
75893556155,8,66594138800,2023-07-22
75893556155,2,33796639211,2023-02-06
52986166400,9,,2023-11-28
52986166400,10,,2023-08-30
52986166400,16,46432994100,2023-12-16
14477968100,8,,2023-10-16
30662111933,9,,2023-07-28
73782307155,6,77696004800,2023-11-15
73782307155,4,,2023-08-14
65282796088,5,73261066499,2023-10-19
65282796088,11,,2023-07-21
65282796088,8,,2023-05-30
19958719233,12,41100249355,2023-12-27
67414601877,13,,2023-01-13
67414601877,3,,2023-11-13
48941539800,1,35459000100,2023-08-09
86134141844,8,,2023-03-27
86134141844,14,52896112233,2023-05-22
86134141844,15,,2023-10-13
19809245466,5,,2023-05-25
82401592733,15,18805134200,2023-09-30
82401592733,4,,2023-10-27
82401592733,6,52304431700,2023-07-03
84611606577,11,,2023-02-05
84611606577,16,71628479788,2023-07-12
34706575211,13,76887001911,2023-03-29
34706575211,15,16633313322,2023-05-29
34706575211,3,34667894199,2023-04-23
36360415766,12,,2023-03-29
69056880100,6,19942566488,2023-02-20
69056880100,7,27754766277,2023-03-31
44366787766,8,,2023-11-30
44366787766,7,,2023-05-26
39923889566,4,,2023-01-23
35740552777,11,32290050077,2023-01-11
37672325377,13,23410243944,2023-12-22
37672325377,3,97953173699,2023-01-20
37672325377,9,45746806522,2023-03-16
77590357055,14,82516059466,2023-11-17
10040246811,8,,2023-06-14
77920036711,15,,2023-10-25
19113015600,1,,2023-12-01
19113015600,15,,2023-07-17
27855616511,10,,2023-06-17
27855616511,1,47519734444,2023-09-21
28147896355,7,95529001311,2023-09-09
14170279599,13,31871661999,2023-06-27
53555361900,11,,2023-02-12
53555361900,6,,2023-08-14
45553787255,6,,2023-09-17
77965213166,14,35327011033,2023-10-28
95590218699,13,46188341700,2023-07-23
95590218699,4,,2023-02-02
95590218699,5,19067436066,2023-08-06
17217037800,13,,2023-02-28
17217037800,8,28526923411,2023-12-13
27728619377,3,40827011922,2023-05-21
27728619377,6,,2023-06-12
58138527199,11,71064946900,2023-06-09
79041032900,13,89733528066,2023-08-29
79041032900,11,,2023-06-02
26776881822,8,36850378977,2023-01-10
15984638700,4,55793894855,2023-09-07
18975375300,9,53344266200,2023-06-22
17786880200,8,69921057011,2023-04-18
27968518500,4,89574200700,2023-07-03
73899463344,15,,2023-06-09
73899463344,9,55097919777,2023-03-19
26764393244,16,38116840277,2023-12-24
26764393244,12,29344248633,2023-02-19
26764393244,8,,2023-11-04
33409426844,1,14352178377,2023-02-19
33409426844,7,,2023-03-20
33409426844,6,,2023-02-27
48511046933,9,84722196400,2023-10-06
48511046933,5,39395432922,2023-12-22
38384054044,10,,2023-11-25
38384054044,11,,2023-06-12
38384054044,9,47851513233,2023-02-27
70780330511,1,,2023-02-21
70780330511,2,,2023-11-26
72245051100,9,72653091977,2023-03-04
72245051100,1,16083543855,2023-08-01
60787741233,14,29055415399,2023-11-01
12716977699,10,,2023-05-25
12716977699,11,,2023-06-14
22468072044,3,57731337688,2023-05-17
41453662711,13,89003762099,2023-08-28
41453662711,6,37394443800,2023-02-16
49861603622,15,,2023-09-30
93738434277,8,,2023-01-22
93738434277,5,75154984711,2023-09-30
93738434277,9,,2023-08-17
57188497300,11,46639856455,2023-07-18
57188497300,14,,2023-05-12
66149438200,13,71907483933,2023-08-14
66149438200,7,,2023-04-02
66149438200,2,,2023-02-08
11629379555,5,,2023-07-14
11629379555,14,70432084244,2023-03-27
19771288744,4,38118151999,2023-08-21
79239615144,6,65126849233,2023-02-13
79239615144,14,,2023-08-01
79239615144,13,67158226544,2023-11-19
18197655555,7,,2023-05-17
18197655555,10,,2023-11-17
59394896644,11,,2023-05-28
59394896644,16,,2023-06-29
59394896644,7,,2023-04-06
68103322199,11,,2023-09-02
59829029699,8,40649060555,2023-10-24
34466981166,9,34822544944,2023-02-25
55891098411,2,59286933388,2023-08-28
55891098411,6,20938174466,2023-01-15
29319176644,1,40482021200,2023-02-16
95268182611,4,70551410522,2023-03-20
95268182611,14,,2023-06-12
22100160611,14,,2023-07-02
22100160611,9,,2023-09-23
22100160611,3,87760122044,2023-08-25
25499089966,11,82988798800,2023-04-28
52089364966,7,,2023-09-15
11640698700,4,,2023-12-01
80376752466,6,78907753000,2023-03-26
80376752466,12,,2023-06-14
86288895233,16,12054183422,2023-06-04
86288895233,13,99791387344,2023-04-04
86288895233,2,62378153255,2023-03-12
66884026700,5,24592741300,2023-10-26
66884026700,16,34443442955,2023-06-24
58307050799,12,,2023-03-03
20899579133,7,65898832622,2023-05-13
20899579133,4,,2023-01-16
28169563188,12,99741222100,2023-02-08
28169563188,8,43931458955,2023-05-12
28169563188,10,79388304455,2023-05-20
45544607977,6,,2023-03-03
45544607977,16,27078850888,2023-07-29
45544607977,11,,2023-12-04
96952571433,11,,2023-03-23
96952571433,1,40048490988,2023-06-16
56262438877,10,,2023-01-24
56262438877,9,80376462899,2023-11-28
56262438877,3,,2023-07-23
99338737333,15,66009858100,2023-07-06
61740627322,10,18533663311,2023-06-04
61740627322,16,17411494011,2023-10-22
61740627322,6,,2023-01-06
91496913177,4,30893127511,2023-04-23
91496913177,11,,2023-08-11
91496913177,15,37324120755,2023-11-15
24717722266,14,76533738444,2023-01-03
24717722266,10,91287051300,2023-02-02
24717722266,11,,2023-03-11
15233366177,16,37705839499,2023-06-20
15233366177,3,77903507222,2023-12-29
83325056311,3,,2023-07-03
83325056311,11,71890994766,2023-08-27
83325056311,15,61832897366,2023-10-31
44860835477,9,,2023-07-30
44860835477,8,,2023-05-24
44860835477,15,,2023-12-19
88893258877,16,19738687099,2023-10-29
88893258877,3,,2023-07-19
88893258877,6,,2023-11-23
35991580022,1,,2023-02-25
35991580022,10,,2023-03-25
35991580022,6,,2023-05-03
76338217100,2,,2023-07-16
76338217100,12,45809086000,2023-06-30
13862478200,16,46635964600,2023-01-28
31243005055,16,,2023-04-19
31243005055,12,,2023-09-07
32065828144,14,60743586800,2023-08-07
61759498899,4,58690912099,2023-01-17
61759498899,7,,2023-02-03
96009186355,7,,2023-02-03
96009186355,10,,2023-09-08
21134826144,10,,2023-01-06
48230874611,7,18558894399,2023-07-03
62067776500,1,,2023-06-23
51935898633,2,54658330922,2023-10-01
52685746988,3,,2023-11-05
52685746988,8,,2023-10-06
52685746988,5,17281991900,2023-12-26
70625942966,13,,2023-10-28
70625942966,15,,2023-12-29
70625942966,14,60075104766,2023-04-28
77632880866,6,,2023-12-08
77632880866,8,,2023-08-02
77632880866,15,11144741777,2023-12-26
15391046211,6,42336960522,2023-03-26
79294612388,10,,2023-03-24
79294612388,11,,2023-05-25
54899144911,9,,2023-08-23
42761844288,9,16610245722,2023-02-03
71175311699,13,79295055022,2023-06-25
71175311699,5,,2023-10-28
18651062322,12,97661147066,2023-11-17
18651062322,1,94748903155,2023-03-12
18651062322,13,,2023-10-11
29307168600,10,25776761311,2023-02-13
29307168600,7,59510453122,2023-06-28
29307168600,8,82429320188,2023-12-21
54608842099,12,54999239811,2023-07-11
83678697533,3,93569906700,2023-01-10
83678697533,8,,2023-06-22
36730970911,10,87405338322,2023-08-17
36730970911,5,60888940088,2023-08-28
36730970911,11,,2023-07-26
12729319433,4,55068042888,2023-11-07
12729319433,16,,2023-10-09
12729319433,10,,2023-07-28
91664671011,13,57731337688,2023-11-28
91664671011,6,,2023-11-21
91664671011,9,51211580688,2023-10-03
28490321233,4,,2023-08-12
12999667999,9,,2023-07-28
12999667999,16,,2023-07-27
12999667999,5,77976611544,2023-10-01
56713734255,16,82783451988,2023-09-14
56713734255,13,85851089166,2023-08-28
56713734255,4,13169583888,2023-02-20
93302095300,15,,2023-10-23
58316808433,2,,2023-07-21
58316808433,16,25313424788,2023-10-24
58316808433,10,,2023-02-01
89240886299,10,,2023-07-06
53264248433,7,,2023-12-30
91542813500,14,,2023-01-18
91542813500,2,62923220500,2023-12-30
41020833400,13,78894087811,2023-08-11
41020833400,10,90907593011,2023-10-27
57737262899,8,89174043755,2023-04-05
57737262899,16,49400670333,2023-04-25
57737262899,6,,2023-02-25
79732366866,9,29681520255,2023-10-18
79732366866,10,48795118466,2023-09-10
80588011000,8,33606833233,2023-03-18
79344776199,15,,2023-12-09
79344776199,1,22124884911,2023-08-07
79344776199,16,16083787722,2023-12-30
80294459111,5,92667960266,2023-09-13
80294459111,11,67791920588,2023-11-18
26989847166,12,19070570133,2023-01-15
29571835877,4,,2023-01-28
29571835877,12,,2023-06-23
45184136799,4,19762075844,2023-06-08
45184136799,12,,2023-06-01
71200638988,11,,2023-02-08
13089584555,6,63242360300,2023-08-03
13089584555,3,,2023-04-12
13089584555,14,59238547911,2023-08-14
10953746722,2,,2023-05-31
10953746722,3,,2023-05-23
47022163411,16,21814165322,2023-04-17
47022163411,8,,2023-02-22
98346174022,3,87407659111,2023-12-12
28240902600,14,,2023-01-19
28240902600,2,,2023-04-15
28240902600,15,64208193855,2023-01-17
87220554011,3,27946635344,2023-01-27
87220554011,8,59200482711,2023-02-24
88593899177,16,52868861911,2023-12-08
61278715222,3,,2023-05-07
15970906700,9,,2023-06-21
15970906700,11,70866190433,2023-09-09
15970906700,10,,2023-02-11
62931714700,10,,2023-04-01
62931714700,2,78592121377,2023-01-26
59339648088,2,33411579800,2023-06-22
59339648088,1,,2023-07-15
89673988244,11,,2023-12-06
89673988244,9,12718250400,2023-11-26
89673988244,16,,2023-08-18
75887163200,5,,2023-10-22
48621246666,2,83234407355,2023-03-14
13314654600,13,30933613899,2023-03-12
13314654600,16,,2023-07-20
13314654600,8,,2023-06-24
75420248844,4,11579525266,2023-04-08
24431384533,8,,2023-01-17
24431384533,11,46169596099,2023-11-23
22729139622,14,19261215111,2023-08-03
22729139622,15,15634390188,2023-10-19
22729139622,5,72566738688,2023-02-10
65138732588,3,61788929933,2023-09-07
65138732588,4,,2023-10-06
82063632388,5,,2023-09-29
82063632388,7,46555419200,2023-08-30
93209270499,7,,2023-02-14
93209270499,5,,2023-05-20
93209270499,9,22494948600,2023-07-30
58139192799,12,,2023-01-21
58139192799,5,,2023-11-01
70039098477,16,20866440511,2023-02-18
70039098477,1,68687160522,2023-04-25
46613124499,15,92055568744,2023-11-29
46613124499,3,64957519900,2023-05-11
46613124499,10,35094452600,2023-08-30
36700729500,4,,2023-12-08
36700729500,1,,2023-03-20
43790162777,15,,2023-07-29
43790162777,16,,2023-06-28
43790162777,13,69283827088,2023-12-03
40599486244,9,45030425211,2023-04-08
40599486244,16,90981096166,2023-11-20
40599486244,12,81099798822,2023-05-19
88989037233,11,97177781833,2023-10-14
70115799311,10,,2023-03-06
31329017333,5,37595119100,2023-05-24
31329017333,16,69584194300,2023-12-27
31329017333,13,18022455022,2023-04-26
91134832344,5,,2023-02-19
91134832344,4,,2023-05-15
95302024900,7,89159281722,2023-06-12
95302024900,13,85874831966,2023-12-07
44665070155,14,,2023-09-21
34741391422,13,10091554233,2023-02-05
67706726777,10,,2023-10-25
67706726777,13,74850960011,2023-09-18
67706726777,8,,2023-04-05
83622275755,11,,2023-11-29
83622275755,9,,2023-06-28
49476918244,10,61083155044,2023-02-16
49476918244,9,,2023-06-26
46875952788,6,,2023-06-16
46875952788,15,,2023-03-30
46875952788,12,66641371600,2023-11-15
18086170888,1,,2023-03-13
18086170888,3,,2023-02-14
57828890399,6,67785945600,2023-06-23
57828890399,14,20399719800,2023-11-07
57828890399,16,60273944555,2023-12-20
89335537466,11,77363450233,2023-11-16
89640407599,8,43578104500,2023-03-30
89640407599,2,,2023-07-01
29487753455,3,,2023-09-04
89486893800,9,,2023-05-26
89486893800,7,18914649499,2023-03-22
89486893800,10,73826227977,2023-11-15
14074540488,8,86052944933,2023-12-06
14074540488,12,26609244222,2023-05-13
14074540488,15,77618925555,2023-04-19
62573287644,9,12733377511,2023-12-02
62573287644,8,89260129644,2023-07-19
62573287644,12,,2023-06-08
77978470700,16,68502583899,2023-05-20
95962489011,9,,2023-10-05
95962489011,8,,2023-01-12
75082937622,6,,2023-07-11
75082937622,14,,2023-10-24
21583528255,15,82724385422,2023-02-27
10966797011,3,,2023-01-11
10966797011,4,,2023-12-24
10966797011,16,,2023-12-18
57518855466,5,,2023-11-18
77998388922,8,84289726211,2023-08-14
77998388922,1,65436837088,2023-11-05
77998388922,16,,2023-09-24
79871004988,12,19461720900,2023-02-09
45505506511,2,61035934411,2023-11-12
45505506511,16,12539539455,2023-06-20
27203455555,11,,2023-12-22
27203455555,5,,2023-11-28
15623788133,6,,2023-01-03
15623788133,10,,2023-01-13
15623788133,7,,2023-02-04
99605945133,7,,2023-02-21
99605945133,12,92027594300,2023-07-23
79997121322,7,,2023-08-12
79997121322,8,,2023-07-02
90974207766,13,,2023-01-15
81727376888,1,,2023-03-20
81727376888,5,19461720900,2023-11-18
81727376888,3,,2023-03-18
84599894022,15,26728367799,2023-11-05
13343871688,3,,2023-05-16
66612629900,1,,2023-12-17
66612629900,11,42195074777,2023-04-11
68576522877,4,,2023-09-21
49016503199,9,79637827266,2023-05-21
62127432822,8,,2023-02-05
96295450633,1,,2023-04-11
40527503900,13,85534016933,2023-03-08
40527503900,11,,2023-09-16
93872625700,16,,2023-03-27
46100415611,7,,2023-09-14
46100415611,16,29386160822,2023-06-25
46100415611,3,62310155488,2023-01-08
73774631044,7,71165215344,2023-03-28
71852050855,12,96428848955,2023-12-28
71852050855,13,48645636755,2023-07-17
43734634688,15,,2023-03-12
43734634688,12,85842056244,2023-02-04
54463748277,1,98845217944,2023-09-25
54463748277,12,,2023-06-19
54463748277,6,,2023-08-28
60969828911,8,23987310577,2023-12-07
66319707766,15,,2023-09-10
14233486566,8,80268723988,2023-03-09
14233486566,6,,2023-06-16
14233486566,2,29060061499,2023-10-16
71542503488,4,,2023-09-11
21870470322,3,66737788900,2023-10-19
23021208500,11,32792235399,2023-04-19
86982193811,5,,2023-12-16
38880411633,5,58229062577,2023-06-26
38880411633,12,61079743855,2023-08-07
38880411633,13,61782891700,2023-06-09
95641817711,5,,2023-11-25
95641817711,14,31734731677,2023-10-03
95641817711,3,75368460533,2023-11-03
96405149500,2,72610296455,2023-05-19
20566591588,12,76519110088,2023-04-02
20566591588,9,,2023-11-22
20566591588,15,57157516677,2023-05-22
75233835133,13,68429875044,2023-02-28
75233835133,1,,2023-11-01
75233835133,4,50485495977,2023-10-15
65525204411,9,33013294899,2023-12-04
65525204411,10,,2023-01-09
21699864644,2,77496433200,2023-08-07
51300332566,3,,2023-03-28
51300332566,1,72490338755,2023-08-08
51300332566,14,79208361400,2023-08-24
98789735499,5,13323773199,2023-07-06
66637067644,4,,2023-07-10
17963732300,1,15244174599,2023-12-21
17963732300,4,,2023-03-04
24367786988,1,92366837388,2023-03-16
24367786988,12,,2023-08-13
83617373400,9,,2023-09-03
42356055266,13,,2023-09-28
42356055266,16,,2023-08-27
28080240611,8,,2023-04-28
28080240611,7,,2023-02-28
28080240611,3,,2023-09-17
85250271111,16,,2023-05-17
85250271111,8,,2023-05-19
85954771833,16,59214707755,2023-04-19
85954771833,10,95850534466,2023-07-16
85954771833,12,49243143822,2023-11-29
91706236866,16,,2023-01-08
52116818000,15,30357482099,2023-11-21
52116818000,6,98423141544,2023-10-04
52116818000,3,,2023-01-31
65887188888,16,,2023-04-08
34407383888,6,,2023-12-05
34407383888,16,80082688911,2023-08-11
34407383888,5,,2023-12-24
92918413744,16,59889404477,2023-09-07
92918413744,3,65188946522,2023-04-10
92918413744,7,,2023-06-12
71529529900,9,,2023-12-31
70131173744,8,76997786000,2023-09-18
70131173744,15,,2023-12-12
70131173744,3,75873151444,2023-01-17
70552022300,3,90859235900,2023-05-17
70552022300,1,,2023-09-27
70552022300,15,60359407655,2023-02-11
35171728477,8,,2023-12-11
35171728477,13,,2023-11-27
35171728477,10,15647103866,2023-08-22
53253414999,3,48550857744,2023-06-03
53253414999,7,90408196966,2023-06-16
11130703077,2,74500506333,2023-04-30
17798989677,1,,2023-05-01
82571413800,4,47962076355,2023-01-01
42227500933,7,,2023-05-25
42227500933,2,29423533333,2023-12-19
42227500933,16,29758307933,2023-07-07
79929912066,7,20941390500,2023-04-24
79929912066,2,,2023-01-01
79929912066,1,10681525755,2023-10-08
52190887933,2,,2023-04-19
81907393011,13,,2023-11-28
81907393011,16,,2023-12-30
81907393011,14,72354535833,2023-03-23
92026107200,3,,2023-12-15
92026107200,1,,2023-03-22
60650418666,12,76685724900,2023-10-16
60650418666,16,94444400799,2023-02-08
40517682522,6,,2023-08-19
40517682522,8,73599373611,2023-04-19
40517682522,12,51075470100,2023-12-19
46156382300,4,,2023-11-20
13044016500,14,,2023-06-19
13044016500,3,49299009133,2023-01-02
13044016500,4,,2023-02-10
97671802900,14,,2023-03-30
54133385544,4,,2023-11-09
45534321022,12,,2023-10-28
45534321022,11,34024373500,2023-07-09
36060767899,3,,2023-04-28
36060767899,9,,2023-09-17
36060767899,4,47196960311,2023-09-12
71130580199,12,33646511911,2023-06-06
11672601633,3,,2023-06-30
11672601633,10,48639382500,2023-01-10
11672601633,1,,2023-11-05
84672951122,3,45740358033,2023-03-16
84672951122,16,,2023-02-05
54038095899,15,,2023-11-03
54038095899,8,,2023-03-05
54038095899,1,,2023-09-16
12066682455,13,,2023-10-01
12066682455,14,,2023-03-07
12066682455,15,,2023-12-19
32769382433,10,84145883799,2023-02-13
32769382433,9,,2023-04-20
38897599122,15,,2023-11-25
91321347700,10,,2023-03-18
91321347700,3,28860457999,2023-09-19
77749398300,5,,2023-05-02
46946429600,4,53339696633,2023-11-08
86659768844,14,29773926700,2023-09-01
46561893400,15,15899609633,2023-08-27
53608863588,11,32139417199,2023-07-02
47849382733,16,,2023-09-16
47849382733,3,96740655633,2023-06-22
17668948100,10,31624146955,2023-05-03
17668948100,12,,2023-01-27
26827143822,9,82801373600,2023-12-22
78608273522,12,,2023-02-06
78608273522,9,52771191677,2023-09-19
63409809966,1,28279840244,2023-09-25
63409809966,11,42901280766,2023-03-03
63409809966,15,,2023-12-09
61862874833,15,,2023-04-13
61862874833,3,89890800100,2023-09-07
58963095033,11,,2023-02-27
17487696699,3,,2023-03-17
17487696699,15,94232231922,2023-08-08
17487696699,16,82856082200,2023-08-01
44323406144,7,79106537355,2023-10-08
44323406144,14,92075222333,2023-08-20
57571670099,3,96786198066,2023-10-01
57571670099,6,93908540088,2023-06-22
91234757499,14,43085676611,2023-07-29
91234757499,9,93901509499,2023-05-28
57057076811,16,49552174944,2023-05-22
57057076811,4,,2023-03-17
57057076811,11,,2023-10-06
24169984711,6,31597811600,2023-08-29
24169984711,10,,2023-02-25
21719000677,2,37213811300,2023-09-25
21719000677,7,87801863355,2023-12-03
64947491355,11,62448236488,2023-04-13
64947491355,13,71948486944,2023-08-24
64947491355,4,,2023-10-07
83306847177,15,,2023-04-10
83306847177,2,63443947300,2023-09-16
37555964900,16,23858723666,2023-01-30
37555964900,6,,2023-12-21
67157608533,15,59693191200,2023-03-01
67157608533,9,,2023-07-30
67157608533,2,14766754300,2023-09-13
46577197422,16,,2023-12-04
46577197422,9,96390978455,2023-03-08
46577197422,4,,2023-06-16
91442075300,13,95152335500,2023-11-03
91442075300,11,64246113044,2023-12-02
91442075300,7,,2023-08-09
68148708866,12,,2023-10-19
31414201577,4,25817579222,2023-11-26
31414201577,10,68003764188,2023-09-06
31414201577,6,,2023-09-21
24539330277,13,,2023-06-26
34738478799,16,77068145644,2023-01-06
34738478799,4,,2023-02-20
21218903000,11,,2023-04-25
21218903000,14,55168040000,2023-01-17
32717030199,8,,2023-04-27
57411196466,2,86536604377,2023-05-16
57411196466,10,52996544488,2023-05-08
57411196466,7,83688189588,2023-10-17
45544017666,10,,2023-08-12
45544017666,3,15301944666,2023-06-19
45544017666,12,20604218377,2023-11-20
89959897000,2,,2023-01-09
89959897000,16,54420366411,2023-03-01
97673788988,3,,2023-12-30
97673788988,10,11329707255,2023-11-29
97673788988,16,86284635422,2023-10-12
49685262966,13,,2023-06-12
49685262966,16,,2023-01-12
49685262966,4,,2023-07-10
85300643999,11,,2023-09-23
85300643999,3,44753799899,2023-08-11
84682774600,3,,2023-02-26
84682774600,11,,2023-06-01
84682774600,2,57975635099,2023-11-14
25965652266,4,92528475377,2023-10-14
94188528022,10,81183272722,2023-07-20
94188528022,2,,2023-07-21
12208408666,3,,2023-07-28
12208408666,12,,2023-02-06
12208408666,4,,2023-10-07
42826179777,13,38676474533,2023-10-10
42826179777,1,41100249355,2023-03-12
72597225255,11,40383817577,2023-12-12
21971218711,14,,2023-08-05
21971218711,2,,2023-11-05
57441536677,15,62250578977,2023-05-20
57441536677,1,69132171022,2023-01-14
57441536677,13,,2023-07-24
59681968155,16,,2023-03-06
26003572111,6,57187124844,2023-07-10
21946758411,8,35216165766,2023-10-27
21946758411,5,43256023211,2023-06-05
88743875800,13,,2023-11-27
88743875800,11,22326543111,2023-07-07
88743875800,14,,2023-09-02
46273001155,11,,2023-08-10
77315216566,4,,2023-10-19
77315216566,11,,2023-01-03
18074160899,5,67889575500,2023-10-22
18074160899,12,97414233811,2023-11-20
69682524144,9,39821988100,2023-02-14
46484611000,4,,2023-12-09
78998196100,15,54600084177,2023-11-03
16790986833,1,,2023-12-04
16790986833,5,,2023-10-08
38415197766,5,61700778755,2023-12-01
38415197766,8,18848558577,2023-07-23
65141271699,13,32902231400,2023-07-08
65141271699,12,28013831122,2023-01-14
65141271699,15,,2023-09-27
70812851988,1,57663331888,2023-04-30
50681502822,2,19540425400,2023-01-03
50681502822,8,92992562688,2023-01-13
50681502822,13,,2023-09-22
42714618733,4,16734192322,2023-02-19
80369827811,14,,2023-01-04
80369827811,2,,2023-06-07
80369827811,11,,2023-01-27
19816204000,11,47970423388,2023-04-08
90732212699,12,,2023-09-06
90732212699,1,,2023-02-03
90732212699,5,,2023-09-20
74299461355,16,,2023-03-09
63910635322,7,,2023-10-31
63910635322,1,58442157455,2023-02-20
63910635322,10,,2023-11-24
37597189733,14,,2023-03-05
37597189733,2,45893738233,2023-11-21
70000462955,12,,2023-09-06
70000462955,16,,2023-01-16
70000462955,3,24335297000,2023-03-29
69751399200,2,,2023-08-18
69751399200,4,,2023-09-17
69751399200,13,66465868611,2023-05-07
44224142599,8,53932587477,2023-01-01
44224142599,4,40720403800,2023-11-07
88069098944,5,,2023-12-03
88069098944,3,33608849144,2023-04-28
38112581688,2,21133287800,2023-05-27
38112581688,5,,2023-01-21
38112581688,11,,2023-02-11
90888074699,4,91778587944,2023-01-13
12665144811,15,41155093333,2023-12-11
12665144811,14,29675952177,2023-02-19
48218077000,9,69392387433,2023-12-27
36936965866,8,,2023-07-19
36936965866,13,25452901222,2023-07-10
86918407577,11,69392387433,2023-08-02
86918407577,16,,2023-11-10
60638001311,1,,2023-04-18
60638001311,14,,2023-07-06
60638001311,13,,2023-10-28
41037668400,9,,2023-05-28
41037668400,15,24346245700,2023-06-07
41037668400,11,,2023-04-17
22672314177,12,80849838499,2023-11-21
35359073300,14,,2023-04-22
35359073300,8,,2023-09-05
35359073300,2,90932083577,2023-08-08
64189628500,14,,2023-03-04
99203192877,9,,2023-12-18
99203192877,3,,2023-12-12
99203192877,7,,2023-12-19
98924884666,1,,2023-12-12
22406113400,1,68181412266,2023-09-23
85449304844,2,84143615799,2023-11-06
85449304844,10,,2023-07-16
11165703433,13,,2023-02-08
22538166200,6,,2023-07-08
22538166200,14,13602150777,2023-08-07
22538166200,11,,2023-10-06
45166534511,6,48204346166,2023-09-07
45166534511,11,77632927333,2023-06-29
45166534511,2,90421934255,2023-09-02
31948106500,3,,2023-07-31
58889311100,5,,2023-09-17
58889311100,10,,2023-06-23
70593123155,6,25193744544,2023-03-26
42509606333,1,,2023-04-28
42509606333,7,92239022400,2023-09-14
42509606333,4,78341351800,2023-03-12
57882782100,16,,2023-08-26
57882782100,14,,2023-03-27
57882782100,13,,2023-09-05
30775680200,3,13028351300,2023-10-15
30775680200,9,,2023-08-08
30775680200,11,55387878855,2023-11-05
10032189388,16,,2023-05-25
10032189388,15,,2023-03-16
52652953800,6,,2023-11-19
52652953800,12,,2023-04-25
52652953800,5,,2023-03-04
33011047622,7,54001956444,2023-04-21
33011047622,15,24051933611,2023-09-21
80366955299,9,,2023-01-18
40193743333,5,60077348033,2023-05-06
40193743333,11,94602581588,2023-03-01
16777157077,10,87077846866,2023-04-13
43906016288,4,,2023-07-27
42478764733,1,,2023-05-12
29722153977,16,,2023-04-24
29722153977,8,88348865933,2023-02-24
29722153977,14,,2023-08-29
63822237433,12,43442265500,2023-04-10
11300345855,13,83994975411,2023-10-23
11300345855,15,37292204700,2023-02-03
44903336177,5,32549936599,2023-05-19
44903336177,14,,2023-04-13
44903336177,16,81176278500,2023-12-18
24437950633,9,51134578500,2023-02-08
24437950633,13,76574945066,2023-02-14
56935610388,7,,2023-10-11
56935610388,11,93177005511,2023-08-06
56935610388,12,58961054444,2023-09-16
42917577944,6,73043555900,2023-03-18
42917577944,12,,2023-12-06
10415865155,15,,2023-05-17
31058042000,11,82620815288,2023-05-17
69856366166,2,,2023-03-31
69856366166,4,66298555900,2023-05-01
69856366166,1,,2023-06-14
63821223277,7,,2023-11-10
63821223277,8,80189265733,2023-12-05
77682705844,10,19909622622,2023-12-30
77682705844,14,,2023-09-05
82737163099,9,50339755955,2023-08-13
82737163099,8,,2023-09-07
90829953955,7,40630768900,2023-11-23
90829953955,1,,2023-12-22
45345425188,4,,2023-05-28
50909483644,10,,2023-04-06
50909483644,1,,2023-02-06
50909483644,9,47987418844,2023-03-07
46731095700,14,,2023-01-28
77700187577,7,82158859855,2023-10-31
63714438799,6,,2023-08-22
63714438799,11,,2023-10-05
63714438799,2,,2023-02-11
73233400988,16,94879184188,2023-10-08
20906839100,9,76478325577,2023-08-27
20906839100,15,,2023-01-28
89011688044,4,20357673000,2023-06-26
89011688044,13,12269064944,2023-07-26
53596937111,12,71375911166,2023-04-14
53596937111,15,,2023-04-13
88744519544,4,,2023-11-11
88744519544,15,15114118644,2023-01-23
88744519544,14,42667025077,2023-03-01
58953131166,16,97333278400,2023-09-14
58953131166,4,21415854733,2023-09-09
37576635944,1,31938032866,2023-04-25
37576635944,9,19039646799,2023-01-05
59542012422,4,97286998088,2023-11-06
59542012422,12,92992562688,2023-10-03
71456004122,8,64056983944,2023-11-26
71456004122,1,,2023-04-23
44475630611,6,36163356988,2023-05-29
44475630611,11,,2023-03-20
44475630611,13,55467504999,2023-08-22
18543234666,12,15647103866,2023-05-22
18543234666,6,,2023-08-16
18543234666,13,52901967222,2023-10-24
79973238055,12,13134455333,2023-08-18
42500908177,5,,2023-08-06
42500908177,2,47711928477,2023-10-17
42500908177,14,,2023-01-25
52013623622,10,,2023-08-09
11248287533,10,59566328100,2023-01-22
11248287533,6,,2023-08-14
11248287533,2,91599056388,2023-02-20
44228933000,10,,2023-01-12
44228933000,3,20210218400,2023-03-18
44228933000,5,23328881522,2023-05-17
34853043011,15,,2023-11-11
60990007399,12,92587806477,2023-05-23
64436662400,16,,2023-03-10
11403813188,11,,2023-11-26
11403813188,6,64663362633,2023-06-11
13323317500,5,,2023-11-04
13323317500,9,,2023-04-15
29639562588,4,45806755099,2023-08-24
29639562588,11,,2023-04-20
29639562588,7,35609591600,2023-12-03
45196865711,8,71520945000,2023-05-18
56510108311,14,,2023-11-29
56510108311,9,,2023-10-29
56510108311,13,,2023-12-10
81909617300,10,26797700300,2023-09-10
81909617300,11,,2023-05-08
81909617300,7,,2023-12-18
41369901466,4,,2023-01-30
35379850022,5,99005822099,2023-11-25
35379850022,15,,2023-01-26
35379850022,12,80173331966,2023-10-21
77724283755,5,44694489233,2023-05-04
97186491311,15,,2023-03-09
97186491311,2,70325540677,2023-03-15
97186491311,3,98877146155,2023-04-20
43806615477,16,24837387455,2023-04-02
43806615477,1,92225654366,2023-09-25
36198228166,2,,2023-09-21
36198228166,11,93926025100,2023-12-22
36198228166,13,,2023-04-20
83816833199,3,,2023-12-30
83816833199,7,38882329888,2023-05-02
55168338766,12,26131407988,2023-12-01
55168338766,11,12707372100,2023-03-23
13284703000,7,16112437188,2023-02-14
87119287788,3,27332644944,2023-08-19
87119287788,6,,2023-05-10
42933644200,11,93145889122,2023-06-30
42933644200,1,49313232355,2023-03-05
42933644200,15,73150104088,2023-04-23
85314237911,15,,2023-02-11
61740266711,1,62292347000,2023-06-08
27037022488,12,56804774088,2023-09-15
88579975100,7,20545736633,2023-06-28
88579975100,13,,2023-11-04
78579220644,4,,2023-02-11
78579220644,3,,2023-06-10
78579220644,2,,2023-11-30
49316920288,15,17081680288,2023-11-03
49316920288,2,45428233344,2023-09-25
49316920288,7,26679242822,2023-07-25
77186979755,16,62705307255,2023-10-25
33978774077,16,92624476711,2023-12-23
33978774077,2,66369807700,2023-02-25
42755634766,14,82355694699,2023-08-02
42755634766,9,,2023-01-28
93057492088,7,20273503499,2023-05-26
93057492088,1,30256950055,2023-03-29
38759280911,14,,2023-04-04
38759280911,9,,2023-06-04
38759280911,13,50459843655,2023-04-09
36710646411,9,,2023-04-06
36710646411,15,52334532311,2023-10-28
41209836500,2,65131775100,2023-08-25
48715947500,7,99837623744,2023-07-06
79200303744,16,82835270100,2023-08-22
79200303744,13,28330992077,2023-04-13
79200303744,4,,2023-04-12
81986066888,8,,2023-08-13
69512009044,5,,2023-04-02
69512009044,14,,2023-10-30
89966022644,5,72317030977,2023-10-18
89966022644,2,,2023-07-30
15569985111,5,78959098788,2023-12-30
21977363611,7,66009858100,2023-07-22
34202251488,1,19783503500,2023-03-20
34202251488,13,,2023-07-24
34202251488,8,,2023-08-16
98902985977,15,88379792311,2023-08-31
75261231300,10,93946567155,2023-12-01
92368069611,15,57446890600,2023-02-13
92368069611,9,,2023-07-11
79284202955,1,80155584255,2023-06-20
79284202955,4,,2023-11-13
79284202955,2,74705863000,2023-04-09
90778140000,14,72534670355,2023-07-28
57808237233,10,23714980688,2023-10-31
57808237233,1,,2023-11-19
57808237233,14,,2023-03-05
21176752044,12,38741604400,2023-07-03
63077839077,9,67358381499,2023-12-14
63077839077,12,44066917155,2023-11-26
72571785266,11,14600398588,2023-02-06
72571785266,2,89001061399,2023-12-24
72571785266,14,,2023-10-08
33124163611,6,81476283900,2023-08-26
33124163611,4,,2023-03-30
33124163611,12,,2023-10-13
98716848199,8,,2023-09-03
98716848199,16,,2023-10-17
98716848199,6,,2023-07-07
59940641499,12,,2023-04-24
59940641499,13,,2023-10-01
79524051444,1,31624146955,2023-07-09
79524051444,15,,2023-06-15
95443189766,7,,2023-01-12
95443189766,8,,2023-02-07
47548632088,16,,2023-04-26
52599884500,9,,2023-12-22
48437648099,12,14600398588,2023-08-26
48437648099,3,85697953355,2023-11-15
48437648099,16,86280020144,2023-03-24
39794707500,15,70680860200,2023-08-10
63915968755,1,12782254633,2023-02-24
45659246500,14,,2023-07-11
45659246500,6,,2023-12-29
45659246500,11,,2023-08-01
67379376599,8,71780042400,2023-05-24
45764084455,12,95432132677,2023-04-17
45764084455,9,,2023-06-09
70674278600,3,,2023-01-14
70674278600,7,,2023-11-24
70674278600,5,46774806055,2023-04-09
88657312733,2,45765915333,2023-04-10
41627662155,5,35794118700,2023-03-22
74033081744,2,40679411299,2023-09-03
60053284411,4,38911369000,2023-02-07
49390611322,16,36618724000,2023-09-16
49390611322,11,36670504299,2023-07-08
22001513733,11,43292961444,2023-07-18
22001513733,9,,2023-05-21
35774448000,6,31089747188,2023-08-18
19453674233,11,,2023-09-22
76450194688,13,,2023-06-25
76450194688,14,,2023-10-29
88452629877,15,17411494011,2023-01-17
88452629877,2,,2023-06-13
88452629877,3,,2023-01-20
92930040388,13,73978837377,2023-11-14
92930040388,4,,2023-02-07
62408245855,4,75387123999,2023-02-18
62408245855,16,,2023-09-18
78560824455,5,,2023-11-08
32145257355,9,44128201222,2023-07-24
32145257355,7,70551209855,2023-07-21
32145257355,16,16435086444,2023-03-04
46555606733,5,,2023-04-09
46555606733,11,,2023-05-18
46555606733,13,,2023-03-11
27117233488,14,,2023-05-27
57574925977,11,32525702899,2023-09-22
32131162200,8,,2023-11-06
83204203000,11,70680860200,2023-11-03
83204203000,7,,2023-06-02
83204203000,12,34984608977,2023-07-28
40079378699,15,67563422900,2023-11-18
40079378699,8,,2023-02-05
40079378699,1,,2023-10-28
45193838466,14,,2023-03-01
45193838466,1,21800097200,2023-03-22
45193838466,2,,2023-04-14
27059764500,10,,2023-03-21
46922290800,7,59244159377,2023-08-11
89857409899,7,92152360900,2023-12-29
51356749266,8,65137656922,2023-12-26
51356749266,7,98049608188,2023-04-06
72935754677,1,,2023-12-09
70712680888,2,,2023-08-31
32509440688,7,20066379088,2023-07-18
32509440688,12,,2023-05-31
10141648500,8,,2023-12-29
10141648500,9,,2023-12-07
12113206500,3,92958506533,2023-05-31
12113206500,10,,2023-09-13
59488614144,6,68472317855,2023-05-03
59488614144,16,,2023-04-01
79289922300,15,82756264399,2023-01-29
63594403855,13,,2023-07-19
43258587099,14,,2023-02-09
74538967033,2,36533325755,2023-03-27
74538967033,15,70881946433,2023-11-08
74538967033,10,,2023-03-29
40900361433,1,,2023-04-21
40900361433,9,16779591266,2023-05-18
64593925522,11,25716132600,2023-03-14
14370442044,13,,2023-11-10
32958988988,13,,2023-07-23
97096077588,7,,2023-07-27
46763943655,10,93496813588,2023-09-24
46763943655,7,,2023-08-21
46848166644,9,58477418800,2023-05-18
46848166644,10,41419960500,2023-07-13
42723946733,10,61700778755,2023-04-11
42723946733,3,90226502199,2023-06-09
23151029799,4,34599428000,2023-02-28
23151029799,13,,2023-11-01
23151029799,2,50384088777,2023-03-11
38750280311,13,,2023-10-16
57038122833,16,,2023-02-27
57038122833,14,,2023-06-11
65993398677,7,,2023-11-09
55868686877,5,20096128177,2023-12-21
55868686877,9,24133003099,2023-08-25
72155174466,6,,2023-10-25
72155174466,12,23801264100,2023-01-24
72155174466,11,,2023-05-26
15977860122,16,11082785744,2023-08-26
72097620600,4,,2023-01-30
66518306199,12,53688704777,2023-06-19
66518306199,4,27325239411,2023-03-12
34167269288,2,,2023-07-11
23503531411,8,,2023-03-09
23503531411,7,,2023-06-23
19581980211,16,,2023-06-14
19581980211,10,,2023-09-23
19581980211,11,62377595655,2023-06-08
27422056088,16,52340387266,2023-02-09
38945377288,8,,2023-08-23
38945377288,15,67798000077,2023-06-13
38945377288,13,,2023-12-03
65225708588,11,37292204700,2023-05-17
44890187111,12,10919780188,2023-06-01
47035171833,9,,2023-01-12
47035171833,8,27663393299,2023-01-08
78818191033,13,99146453999,2023-03-16
78818191033,7,,2023-04-13
99324205144,14,38866792688,2023-07-23
99324205144,13,81052633866,2023-12-06
99324205144,3,37439631088,2023-02-19
33061549899,3,,2023-07-22
33061549899,13,,2023-04-19
33061549899,10,65567113811,2023-10-27
88197156000,15,,2023-10-29
88197156000,11,,2023-05-07
73192036266,11,69175595122,2023-05-03
73192036266,8,,2023-10-29
68558074022,13,57364669888,2023-03-24
68558074022,16,,2023-11-27
68558074022,12,27385186300,2023-05-16
48666009266,15,,2023-03-29
48666009266,2,,2023-10-09
37624133555,10,23187334900,2023-11-21
37624133555,16,,2023-09-22
37624133555,1,,2023-02-16
13992833599,9,,2023-12-26
13992833599,11,,2023-01-19
74987169333,12,93869006700,2023-04-26
23686814344,3,,2023-04-02
23686814344,6,23187334900,2023-09-27
23686814344,7,88256682877,2023-03-22
63901076411,7,78050715355,2023-06-10
63901076411,15,,2023-11-29
35899804511,16,,2023-07-05
35899804511,9,89809339166,2023-06-25
86254275022,3,33910980666,2023-09-05
40580249333,4,,2023-08-03
40580249333,12,34459446955,2023-03-18
40580249333,2,68939406455,2023-01-18
13628226477,7,,2023-02-09
13628226477,13,65989716244,2023-02-13
13628226477,16,,2023-02-03
75211844599,2,,2023-03-31
75211844599,4,51402943622,2023-05-26
75211844599,14,24519188455,2023-11-20
62372392000,1,57975635099,2023-06-09
62372392000,11,96900810988,2023-11-04
62372392000,12,,2023-08-29
23910096077,14,,2023-09-18
75432731877,11,66225490366,2023-04-28
58280314144,11,,2023-07-31
58280314144,6,35769851822,2023-09-10
32935899444,4,,2023-03-29
19843092266,11,94726908822,2023-10-14
19843092266,14,,2023-12-08
19843092266,5,,2023-12-17
64306988311,5,73290779255,2023-10-06
73830988899,13,,2023-10-14
73830988899,11,61788929933,2023-12-24
73830988899,14,83649736066,2023-11-11
82141648855,11,,2023-03-08
82141648855,4,70699180544,2023-03-27
82141648855,10,39057559122,2023-07-31
47646829822,9,,2023-03-20
43135147755,10,,2023-09-17
43135147755,5,,2023-08-02
92484487800,15,,2023-12-07
92484487800,8,33723862488,2023-05-24
92484487800,14,49877336922,2023-04-07
50057255711,3,,2023-01-22
50057255711,7,76000347511,2023-06-21
95798435977,3,,2023-09-21
95798435977,6,,2023-10-13
95798435977,11,67448553955,2023-09-29
34304366300,8,61642256633,2023-11-16
16011105455,6,87244437788,2023-08-19
34170114933,1,88714732055,2023-01-15
34170114933,2,33773128899,2023-07-03
67198142733,15,,2023-08-07
67198142733,4,18670374599,2023-06-23
67198142733,1,36058828700,2023-09-25
71602109488,13,,2023-11-20
40513894999,2,,2023-04-20
40513894999,3,35546464744,2023-01-06
91029435300,8,26457612322,2023-06-07
68467327800,11,,2023-03-12
68467327800,10,87211216055,2023-12-05
81841640099,9,38829235122,2023-04-05
81841640099,5,,2023-02-17
44170901900,7,39027224522,2023-01-23
62307511866,11,69837307711,2023-08-26
62307511866,3,,2023-12-01
93321786822,7,,2023-12-19
93321786822,14,66153475800,2023-05-16
93321786822,5,20455685988,2023-12-31
70577582866,15,,2023-02-01
70577582866,1,41556403500,2023-11-07
25281879633,6,,2023-01-31
25281879633,10,98285277822,2023-05-04
89277326699,15,63846320399,2023-02-03
89277326699,12,71748843699,2023-02-14
89613926200,6,58099016544,2023-10-10
89613926200,1,,2023-05-28
89613926200,13,15107220177,2023-12-13
72864606411,4,,2023-10-05
14902561488,11,,2023-08-04
14902561488,5,90992371977,2023-12-28
14902561488,9,,2023-11-28
25280974766,1,,2023-02-26
25280974766,5,,2023-02-14
25280974766,13,,2023-02-03
43971580377,8,13205122755,2023-06-06
50344596988,8,99556465788,2023-03-11
50344596988,3,,2023-07-22
50344596988,11,36113658155,2023-08-29
55652495111,12,,2023-02-05
55652495111,6,,2023-11-28
55652495111,8,,2023-04-26
88237636499,16,,2023-04-16
88237636499,2,58889369522,2023-10-24
22630251200,10,29423533333,2023-08-19
22630251200,3,82152320866,2023-11-08
45089163766,6,,2023-03-18
45089163766,7,,2023-01-08
55967502800,8,,2023-09-25
78239428600,8,,2023-08-22
78239428600,12,23305657800,2023-03-03
49538709999,2,,2023-10-19
49538709999,14,,2023-07-12
49538709999,16,,2023-10-17
60249183133,16,95432840599,2023-07-31
60249183133,14,43456192899,2023-03-18
60249183133,13,,2023-04-10
63167411111,15,,2023-11-27
63167411111,9,77406387655,2023-06-01
34693817399,13,,2023-10-12
34693817399,2,89155325111,2023-02-03
47364750644,13,,2023-08-25
85181612666,1,,2023-03-25
39216045911,7,,2023-12-24
39216045911,10,,2023-10-27
65538455577,10,,2023-02-22
65538455577,14,40469904577,2023-03-26
65538455577,13,,2023-11-28
64026490744,11,,2023-10-12
27125755711,15,80302795744,2023-07-23
23751377100,9,,2023-01-28
23751377100,5,,2023-11-26
53850839766,16,,2023-05-30
53850839766,3,,2023-12-23
56998216788,13,48320239422,2023-03-11
56998216788,16,,2023-10-28
26786018388,16,,2023-05-19
37447572500,14,,2023-02-18
37447572500,7,,2023-12-01
37447572500,16,,2023-08-28
49463408588,13,,2023-04-23
83547324877,16,63200830188,2023-09-11
83547324877,2,92181760999,2023-10-09
67550105100,5,,2023-05-05
67550105100,4,,2023-01-12
19737642455,16,,2023-06-12
19737642455,13,14648886122,2023-05-08
30402490611,16,38682356044,2023-07-07
21153219522,12,,2023-01-10
21153219522,2,,2023-07-29
21153219522,16,,2023-12-10
22119759333,7,,2023-04-15
66984900322,16,,2023-08-11
11208386577,4,34232708888,2023-12-14
11208386577,16,16845216377,2023-01-13
98249679900,5,,2023-01-01
98249679900,6,66050612688,2023-10-20
98249679900,11,13879812699,2023-05-29
79490226711,15,93271038155,2023-09-22
24250538244,9,,2023-08-20
46018019400,15,,2023-03-18
46018019400,3,,2023-03-12
46018019400,16,,2023-08-23
10266956277,7,88573645777,2023-04-02
10266956277,15,20881074100,2023-03-01
73649385677,9,92444567533,2023-09-29
93192901488,2,60845411866,2023-11-13
93192901488,16,,2023-12-31
93192901488,12,,2023-08-26
35785379933,15,,2023-07-10
35785379933,3,,2023-11-03
35785379933,12,64426954688,2023-01-17
96882091555,4,88594689499,2023-10-18
96882091555,16,97286875400,2023-08-06
96882091555,2,73751002255,2023-05-07
75007587233,11,17327641822,2023-03-06
75007587233,2,,2023-08-13
51082700700,16,,2023-09-28
39422676400,15,72191270066,2023-07-31
39422676400,6,96745920166,2023-04-30
39422676400,13,,2023-12-04
90851903555,3,20938742533,2023-02-21
90851903555,14,44979973400,2023-01-05
90851903555,2,51635684500,2023-06-21
86547149999,5,,2023-12-13
13740032633,16,,2023-03-18
66246129244,10,79793767300,2023-05-19
98681120877,12,49328879900,2023-11-11
60154431544,16,,2023-10-17
60154431544,14,63461903266,2023-08-10
60154431544,11,79123389500,2023-12-31
69017694666,16,63652834666,2023-01-19
10347822400,12,,2023-07-17
10347822400,5,81104086488,2023-12-01
10347822400,4,20596510500,2023-02-21
72134990500,5,74107763900,2023-02-20
72134990500,15,,2023-08-28
78607305888,15,55422948800,2023-03-18
78607305888,12,,2023-03-11
78607305888,16,31536666011,2023-05-05
96047901455,6,,2023-11-23
76974644200,3,37885820066,2023-04-28
76974644200,1,,2023-10-30
76974644200,12,98983148933,2023-12-10
85737495988,6,,2023-02-12
85737495988,13,,2023-03-17
72483325500,14,25293272033,2023-09-24
72483325500,7,,2023-03-04
54782568977,1,,2023-05-22
54782568977,14,,2023-11-03
54782568977,4,30837526366,2023-02-22
54123470611,13,37846662644,2023-01-08
54123470611,8,,2023-01-30
54123470611,7,,2023-01-31
18825851000,15,96556469633,2023-10-16
28252074466,12,,2023-04-11
28252074466,9,,2023-10-10
28252074466,15,,2023-10-02
47479219666,8,,2023-06-18
47479219666,9,,2023-02-24
47479219666,11,15399036722,2023-05-14
87808519400,10,28607284300,2023-12-08
87808519400,5,87244437788,2023-02-08
87808519400,16,44135137388,2023-09-27
20213151699,13,,2023-09-12
20213151699,7,,2023-07-31
68068298644,10,50275694244,2023-12-08
72591361111,15,,2023-05-25
72591361111,2,93477962633,2023-10-03
96984188900,5,43475309000,2023-11-03
96984188900,10,,2023-08-06
14562146599,16,84496750499,2023-07-17
14562146599,1,,2023-04-04
53466658977,6,,2023-09-12
53466658977,12,,2023-03-12
64583087600,5,,2023-05-16
64583087600,13,,2023-09-01
54717651255,8,49886828544,2023-07-02
54717651255,16,58911446899,2023-08-25
54717651255,7,,2023-08-21
73413492122,16,29882754166,2023-05-19
68201389544,4,,2023-03-28
68201389544,11,96394844666,2023-09-06
68201389544,7,,2023-10-10
10768584577,12,,2023-04-10
10768584577,15,10662599255,2023-07-31
10768584577,13,68033936077,2023-12-01
32595028311,13,18189451699,2023-01-11
32595028311,1,50193847555,2023-03-04
14534288799,9,98888510399,2023-12-02
14534288799,4,,2023-07-15
35365576199,10,99860387744,2023-09-02
35365576199,13,94386325900,2023-08-20
35365576199,3,,2023-04-08
63467046644,14,,2023-04-19
63467046644,2,,2023-06-12
63467046644,1,,2023-12-05
67991005400,9,13280693622,2023-03-26
67991005400,11,27624271933,2023-07-09
26523145300,6,,2023-08-29
26523145300,16,,2023-06-14
35394441144,10,,2023-05-17
35394441144,2,,2023-06-01
37090468744,15,89478847666,2023-03-15
37090468744,11,,2023-05-24
93980215288,9,91452304800,2023-08-25
93980215288,8,,2023-07-09
37624183577,11,56013385400,2023-09-09
89688531699,15,80539099144,2023-07-04
89688531699,2,19032259900,2023-10-19
89688531699,12,,2023-03-21
93987312822,8,89047517055,2023-02-19
93987312822,6,87278620700,2023-01-23
93987312822,2,99980132244,2023-08-09
12971828200,6,,2023-09-24
12971828200,16,26898701933,2023-11-07
12971828200,11,31358151377,2023-03-31
61974658844,7,34493532177,2023-08-05
61974658844,9,58678481911,2023-10-15
14271624411,4,,2023-02-28
14271624411,3,88891395877,2023-08-19
14271624411,15,23206742500,2023-01-02
99715544100,4,52796180555,2023-08-10
99715544100,5,52629459700,2023-12-14
99715544100,7,,2023-02-19
38048537811,14,94959175577,2023-08-22
38048537811,16,80258200844,2023-08-13
12144052077,2,10874445000,2023-10-14
12144052077,13,,2023-08-03
12144052077,3,,2023-03-03
19430105522,3,,2023-11-10
10022516644,7,31515644022,2023-10-13
24534161700,7,61206444077,2023-07-11
13538717700,7,50418922888,2023-05-30
13538717700,6,,2023-09-13
13538717700,13,56097556111,2023-11-30
76282579099,2,21450520466,2023-03-17
76282579099,13,94392180700,2023-02-03
76282579099,14,15869788611,2023-11-10
78310007633,14,,2023-11-19
78310007633,15,88319768344,2023-09-07
92570068166,15,,2023-02-28
92570068166,12,30754505455,2023-09-19
92570068166,16,,2023-08-11
57702415600,8,,2023-03-16
57702415600,9,46864814300,2023-05-25
52936799888,16,,2023-05-26
42568085077,13,,2023-05-12
42568085077,1,29980504411,2023-06-12
86445292344,3,49430594300,2023-01-13
34774769999,12,,2023-06-26
34774769999,1,76000347511,2023-03-16
34774769999,3,,2023-06-16
35601100500,2,,2023-07-22
35601100500,6,,2023-04-13
35601100500,11,32285320977,2023-06-15
52909069755,7,42785198000,2023-04-06
52909069755,12,11512053200,2023-11-29
57755356777,5,,2023-07-31
57755356777,4,94444400799,2023-06-27
57755356777,9,80486393944,2023-12-24
45354708800,10,13001503600,2023-11-13
29499283900,14,,2023-08-16
29499283900,11,,2023-02-20
81447716055,1,,2023-03-17
37579000300,9,43941533877,2023-08-30
37579000300,6,81700936788,2023-03-08
37579000300,4,,2023-09-04
19781703511,5,93145889122,2023-04-09
19781703511,7,86439399511,2023-07-23
19781703511,16,14404361500,2023-04-24
95607945822,8,,2023-04-19
95607945822,13,24599320066,2023-10-01
70457391688,5,,2023-05-19
70457391688,7,81959575955,2023-11-23
70457391688,1,91206615255,2023-05-29
11550749399,6,,2023-03-17
11550749399,11,31413003133,2023-08-31
67782458088,4,,2023-06-28
67782458088,13,,2023-05-16
78364548277,10,,2023-01-27
78364548277,5,75348236333,2023-02-19
76555681899,12,49313232355,2023-08-21
76555681899,9,24871014900,2023-10-04
76555681899,8,72475191933,2023-09-17
92505122100,10,,2023-10-07
92505122100,6,,2023-12-01
12128542099,2,,2023-11-21
12128542099,7,,2023-06-20
12128542099,15,24117673077,2023-11-06
59930624955,10,40437563722,2023-06-18
68316308200,2,10214996255,2023-02-04
68316308200,12,85193641011,2023-12-01
77173986722,9,,2023-05-22
77173986722,13,,2023-07-17
77173986722,5,68050720777,2023-03-04
40230251433,11,,2023-10-16
40230251433,6,,2023-07-09
40230251433,15,52199688666,2023-11-22
75063254388,13,,2023-08-25
75063254388,4,93434468377,2023-08-01
98724155600,10,43493992599,2023-12-02
17934968700,3,84213550400,2023-07-16
17934968700,2,,2023-10-05
29403677366,16,,2023-02-08
33279795022,11,,2023-05-19
38319096100,1,10874445000,2023-07-30
91606401388,1,43578104500,2023-04-17
91606401388,15,31951873700,2023-11-05
91606401388,13,49401517355,2023-10-23
72863591500,16,,2023-03-31
72863591500,6,,2023-09-26
49746409688,3,,2023-03-18
49746409688,14,74222554200,2023-07-04
49746409688,8,81313033733,2023-08-16
74101911399,4,97574471611,2023-07-11
74101911399,14,11928076422,2023-12-31
38033679055,9,,2023-06-16
38033679055,14,68989789855,2023-09-12
38033679055,11,,2023-12-09
50580662977,14,,2023-10-19
50580662977,1,,2023-07-25
50580662977,10,86827740899,2023-04-22
27717984500,10,98047878300,2023-06-22
27717984500,13,,2023-06-08
27717984500,1,25431442699,2023-08-29
78764255422,9,89432811299,2023-06-28
39394966000,2,54873507011,2023-11-03
22333712677,9,,2023-03-12
22333712677,6,87692902611,2023-02-04
22333712677,14,,2023-08-04
23349028299,9,,2023-07-11
23349028299,13,19882934999,2023-01-18
58983657888,7,,2023-06-06
55371529677,7,88474579399,2023-02-01
55371529677,2,,2023-02-18
65267412666,4,41382599888,2023-12-14
65267412666,6,,2023-05-28
35001833955,15,93015510477,2023-09-27
35001833955,13,49401517355,2023-02-08
74045396688,4,96794630955,2023-07-25
34955618200,15,16601477355,2023-07-11
45978331299,11,,2023-03-04
45978331299,7,,2023-06-19
10073163222,4,96856825344,2023-03-03
10073163222,9,,2023-03-10
10073163222,6,17358625255,2023-01-25
74977028744,2,,2023-10-18
72474664300,8,55381302900,2023-01-05
72474664300,11,,2023-01-27
55762623444,12,,2023-08-28
55762623444,9,,2023-11-05
55762623444,16,,2023-03-28
90728227300,1,,2023-06-08
90728227300,5,,2023-12-04
70879160500,9,,2023-02-03
70879160500,14,31886934433,2023-07-05
94556159166,14,,2023-06-25
94556159166,9,,2023-01-31
94556159166,12,74393381622,2023-06-09
95167691288,10,,2023-08-07
71479187544,2,,2023-11-05
94436758544,16,81261109888,2023-11-17
94436758544,13,67868003355,2023-03-31
14515599177,16,,2023-02-09
61307698733,3,,2023-05-06
60436255477,12,,2023-11-23
60436255477,3,42754429977,2023-09-23
60436255477,9,38907334255,2023-02-09
37827683888,6,20273503499,2023-09-16
44213098855,13,54927131244,2023-11-24
44213098855,8,,2023-03-14
14928516122,3,,2023-07-09
14928516122,8,,2023-10-05
75890232211,8,,2023-12-14
17613335266,13,,2023-12-02
17613335266,16,,2023-10-31
28368642222,2,,2023-10-08
28368642222,10,,2023-03-20
51729567199,11,,2023-03-01
51729567199,1,,2023-12-02
51729567199,8,,2023-08-28
18129868077,6,18495572177,2023-04-04
58767788855,9,,2023-05-24
28122552855,14,24534915200,2023-02-24
28122552855,4,48685713033,2023-12-04
28122552855,11,45019843688,2023-03-02
18181562533,12,,2023-04-17
18181562533,11,,2023-10-29
95498274700,5,96822147344,2023-05-22
69025537500,2,,2023-08-06
21232200199,11,93763443244,2023-06-08
41124526599,14,,2023-03-05
41124526599,13,,2023-09-17
41124526599,1,61621079733,2023-10-07
96789111755,8,,2023-05-19
91428351600,12,,2023-06-14
14590313933,16,,2023-05-13
45958878411,14,41517620511,2023-02-16
45958878411,7,80133150022,2023-08-21
45958878411,3,47050230800,2023-07-14
52833846322,4,90587085866,2023-11-30
52833846322,9,20774333100,2023-10-26
52833846322,15,,2023-02-25
49725561888,5,60152311499,2023-05-18
80888444100,7,77362997066,2023-10-05
80888444100,9,91960918866,2023-11-04
80888444100,11,,2023-02-18
99450539066,4,,2023-09-01
56683759600,1,,2023-03-24
58249656255,16,,2023-04-15
24544912222,1,32224803111,2023-02-17
24544912222,10,,2023-04-21
80389804688,16,74205990255,2023-01-21
80389804688,4,66314940955,2023-05-25
44701327999,13,,2023-01-05
55112037188,14,,2023-07-03
55112037188,12,89130543455,2023-11-21
55112037188,13,,2023-12-08
87279732555,7,72354535833,2023-03-23
87279732555,5,78081280311,2023-04-21
87279732555,9,,2023-02-15
95405263888,2,,2023-09-16
95405263888,13,,2023-07-12
79149695833,12,14967039955,2023-08-03
79149695833,6,,2023-10-04
66113960800,3,68871150699,2023-01-15
66113960800,11,66280788333,2023-11-01
49181867699,5,96786198066,2023-07-15
49181867699,14,12037362588,2023-04-01
40563295088,5,,2023-05-20
40563295088,8,63286486266,2023-07-20
40563295088,11,18420812766,2023-01-10
15673594422,7,,2023-08-22
15673594422,6,91654689533,2023-11-03
15673594422,4,,2023-07-22
60594064088,14,49439711999,2023-08-17
60594064088,15,15843626777,2023-03-29
33046486077,5,69146891055,2023-08-03
33046486077,16,,2023-10-27
81142291011,11,,2023-02-14
81142291011,16,68230093655,2023-04-28
81142291011,1,49835283188,2023-05-05
69934867688,5,,2023-02-22
69934867688,1,,2023-08-22
69934867688,9,28409155299,2023-02-14
97722417733,8,72610296455,2023-06-13
97722417733,7,74050554433,2023-10-16
14740572500,11,34978278355,2023-06-08
14740572500,2,,2023-06-11
21877698011,10,55669581177,2023-01-30
21877698011,7,,2023-12-09
31908396466,3,,2023-02-09
31908396466,4,,2023-04-13
87113197122,10,67158226544,2023-05-11
87113197122,7,,2023-02-07
48444807900,3,,2023-02-01
48444807900,4,,2023-07-20
24892931333,8,,2023-04-06
24892931333,7,37705839499,2023-06-03
24892931333,4,91536032655,2023-10-10
90878062300,10,,2023-02-23
90878062300,6,,2023-07-20
62867729522,4,,2023-06-07
62867729522,7,,2023-06-09
38682257144,1,,2023-11-24
38682257144,12,78233650655,2023-06-10
38682257144,9,,2023-04-27
15961670411,12,,2023-07-22
15961670411,16,95520288766,2023-01-13
15961670411,13,54115855977,2023-03-15
66532872544,3,,2023-01-31
11913446577,6,,2023-09-18
39717267800,10,64855536300,2023-02-21
39717267800,15,34443442955,2023-01-11
39717267800,3,33252073911,2023-01-11
27099973044,14,71076603144,2023-09-19
27099973044,16,97789937266,2023-04-21
66696097522,7,,2023-05-04
66696097522,14,13001503600,2023-07-15
17066525855,15,,2023-08-09
10709134488,15,47941745788,2023-07-05
10709134488,8,,2023-05-13
38724568577,10,,2023-10-10
38724568577,16,,2023-11-29
38724568577,2,50139032622,2023-05-22
24187399100,1,79019245277,2023-09-04
93582264200,4,,2023-07-08
91536660388,11,96038169655,2023-09-07
20852354333,15,51941335888,2023-08-25
95018831400,11,38500912366,2023-04-27
95018831400,6,,2023-04-15
95018831400,14,,2023-02-18
51014175055,5,,2023-07-14
51014175055,15,,2023-10-11
51014175055,2,41343235255,2023-09-07
69972919022,7,,2023-04-20
69972919022,2,,2023-10-30
59168440000,3,17796386122,2023-11-22
59168440000,4,34566731088,2023-01-13
89836805988,5,,2023-11-17
70253102399,9,,2023-10-05
70253102399,6,26660193655,2023-04-21
70253102399,3,33780382500,2023-09-19
46395754911,6,,2023-06-12
18689526300,9,23044253566,2023-05-02
55031155200,15,31115101900,2023-06-08
55031155200,7,94361914488,2023-01-04
55031155200,14,,2023-06-06
12475235433,16,,2023-01-17
12475235433,11,96642727600,2023-02-03
12475235433,2,36369661466,2023-04-02
64759069999,2,44702895588,2023-06-11
64759069999,8,88167375733,2023-03-18
31441463822,4,,2023-03-22
31441463822,10,,2023-10-20
31441463822,12,,2023-02-06
40888607055,6,53634619944,2023-09-24
40888607055,14,,2023-11-26
39011821877,8,,2023-12-27
51199426877,11,,2023-12-04
51199426877,9,56007558644,2023-03-30
91233752999,7,95152335500,2023-06-19
91233752999,3,75845457699,2023-11-10
91233752999,13,27511157488,2023-09-21
30238614633,14,32596578277,2023-05-02
30238614633,8,81031668122,2023-02-07
30238614633,7,22101450077,2023-11-29
49422240200,2,,2023-01-15
87352381944,8,49947124922,2023-03-12
69005274933,2,73319952511,2023-10-31
69005274933,15,92257506922,2023-06-30
69005274933,6,67982785155,2023-11-22
61252250111,13,55514952644,2023-10-12
61252250111,7,55170076511,2023-04-15
47086177988,3,,2023-05-02
47086177988,2,90865861988,2023-07-11
60288197866,5,70441068200,2023-04-20
60288197866,9,,2023-03-14
60288197866,12,97520578888,2023-10-06
27578629100,6,,2023-03-07
27578629100,15,,2023-12-03
51907514733,11,36024938144,2023-02-03
44536910844,16,,2023-01-27
44536910844,12,,2023-12-02
44536910844,15,36420755255,2023-11-11
60620675466,2,,2023-05-24
60620675466,16,38774028366,2023-10-18
39568472533,3,53983107633,2023-03-22
39568472533,15,30802807177,2023-02-09
39568472533,1,22972176255,2023-07-31
32338243000,8,,2023-05-12
32338243000,11,80967538277,2023-11-24
32338243000,4,81474961922,2023-06-15
14835168577,9,,2023-09-19
14835168577,15,,2023-07-06
54132228744,7,15256314388,2023-11-23
54132228744,11,31709773000,2023-02-11
67485236644,10,11259616355,2023-11-27
48191634699,7,71887714211,2023-06-07
57972132066,5,,2023-12-25
57972132066,1,,2023-01-31
60808942111,7,,2023-03-20
60808942111,13,52165406011,2023-11-30
60808942111,2,,2023-05-06
28596455433,11,,2023-06-17
58988807399,9,66300421311,2023-05-23
58988807399,13,,2023-11-08
58988807399,15,,2023-12-01
84865882000,2,,2023-06-21
20390142099,15,80709435300,2023-08-15
20390142099,4,28485324244,2023-01-17
20390142099,7,96401106399,2023-07-13
46138950499,15,,2023-04-24
64947733033,1,,2023-05-06
64947733033,2,11144741777,2023-03-31
64947733033,13,98223356522,2023-05-15
98928606677,4,,2023-08-16
98928606677,5,39955306055,2023-10-14
98928606677,7,,2023-08-03
14193190000,7,76517432700,2023-09-12
14193190000,12,,2023-02-16
63275989944,13,,2023-06-01
63275989944,16,49430594300,2023-08-09
63275989944,4,31521253644,2023-09-20
89451197799,10,68172953511,2023-06-01
89451197799,15,,2023-12-09
89451197799,12,,2023-11-27
99213775077,3,,2023-08-16
99213775077,5,,2023-01-12
99213775077,8,,2023-07-31
64693769911,13,,2023-06-14
88437513366,2,59273735933,2023-05-03
88437513366,5,,2023-01-27
88437513366,12,32425229822,2023-02-26
53327640733,16,30119773488,2023-09-26
64934715911,1,46555419200,2023-07-29
64934715911,8,,2023-08-16
42650532899,1,,2023-12-19
42650532899,3,,2023-03-28
50491675744,16,,2023-03-28
20123481900,10,38526966900,2023-11-10
20123481900,12,,2023-07-13
32503653355,15,,2023-04-04
32503653355,8,,2023-08-22
32503653355,3,,2023-09-18
83766702200,15,,2023-09-18
83766702200,14,67917804799,2023-06-25
44523440111,9,,2023-07-06
44523440111,1,47822646233,2023-09-30
22284189511,12,,2023-11-02
22284189511,13,37807358733,2023-07-21
82498548700,15,83794568400,2023-01-10
82498548700,12,,2023-12-29
34648973466,4,86733762466,2023-10-09
34648973466,7,,2023-08-10
99780030966,8,,2023-12-09
99780030966,12,,2023-02-06
78993850088,13,68227492844,2023-08-27
16388949577,3,41529774699,2023-11-09
16388949577,11,69040623555,2023-05-01
16388949577,16,,2023-12-05
65968667699,1,,2023-04-11
65968667699,3,,2023-06-23
54104384933,4,,2023-05-08
54104384933,9,,2023-05-23
50038070666,5,,2023-12-06
50038070666,11,37880417900,2023-03-02
50038070666,13,65192763833,2023-09-27
29053299122,11,82051133600,2023-02-23
43119919833,2,44876744411,2023-07-17
43119919833,12,,2023-12-06
80122222055,6,,2023-11-29
80122222055,11,,2023-01-24
80122222055,2,44074773777,2023-03-29
